{"cameraMode":{"drawMode":0,"name":"Shaded","section":"Shading Mode"},"sceneLighting":true,"audioPlay":false,"sceneViewState":{"showFog":true,"showMaterialUpdate":false,"showSkybox":true,"showFlares":true,"showImageEffects":true,"showParticleSystems":true,"showVisualEffectGraphs":true,"m_FxEnabled":true},"in2DMode":false,"pivot":{"x":63.78495407104492,"y":-0.015594005584716797,"z":92.72591400146485},"rotation":{"x":0.12447213381528855,"y":0.01588026061654091,"z":-0.003597385948523879,"w":0.9923191666603088},"size":3.931992530822754,"orthographic":false}