{"cameraMode":{"drawMode":0,"name":"Shaded","section":"Shading Mode"},"sceneLighting":true,"audioPlay":false,"sceneViewState":{"showFog":true,"showMaterialUpdate":false,"showSkybox":true,"showFlares":true,"showImageEffects":true,"showParticleSystems":true},"in2DMode":false,"pivot":{"x":1.7476189136505128,"y":-1.7797579765319825,"z":4.789002418518066},"rotation":{"x":-0.1857902854681015,"y":0.09737052023410797,"z":-0.018537085503339769,"w":-0.9776069521903992},"size":5.756344318389893,"orthographic":false}